{
  "test": "QNG-CPU-045",
  "theory": "DER-BRIDGE-027",
  "decision": "fail",
  "n_pass": 0,
  "p1_pass": false,
  "p2_pass": false,
  "p3_pass": false,
  "p4_pass": false,
  "n_mis_beats_std": 2,
  "n_mis_beats_mem": 2,
  "mean_r2_mis": 0.11966835273586977,
  "mean_r2_mem": 0.05467685180777852,
  "mean_r2_phi": 0.19960320709123824,
  "max_r2_mis": 0.35383184798277767,
  "mean_alpha_abs": 0.007312595684252337,
  "cv_alpha": 0.9148700807429376,
  "seeds": [
    {
      "seed": 20260325,
      "r2_mis": 0.01299254714847664,
      "r2_mem": 0.04011296367084305,
      "r2_phi": 0.04561656793834579,
      "r2_std_ref": 0.045617,
      "alpha_mis": 0.005819489683569307,
      "alpha_mem": -0.0038232740907962344,
      "alpha_phi": 0.0006954387001803454,
      "corr_mis": 0.11398485490834516,
      "corr_mem": -0.20028221007079752,
      "scale_mis": 6.767641793809536,
      "scale_mem": 18.10014512475421,
      "scale_phi": 106.11519202226911,
      "var_mismatch": 8.129233282748503e-05,
      "var_mem": 0.0003654171218145183,
      "mean_mismatch": 0.01672008663182704,
      "mean_mem": 0.03247540445936083,
      "r2_mis_beats_std": false,
      "r2_mis_beats_mem": false
    },
    {
      "seed": 42,
      "r2_mis": 0.35383184798277767,
      "r2_mem": 0.04882228510539566,
      "r2_phi": 0.13835624725037787,
      "r2_std_ref": 0.138356,
      "alpha_mis": 0.008532794738879051,
      "alpha_mem": -0.001523597969149266,
      "alpha_phi": 0.0006893949491314418,
      "corr_mis": 0.5948376652354638,
      "corr_mem": -0.2209576545526211,
      "scale_mis": 12.800694362350548,
      "scale_mem": 26.629623888487938,
      "scale_phi": 99.07353430896544,
      "var_mismatch": 6.0175340219203774e-05,
      "var_mem": 0.0004198898984959631,
      "mean_mismatch": 0.014540061675226642,
      "mean_mem": 0.04378717450954435,
      "r2_mis_beats_std": true,
      "r2_mis_beats_mem": true
    },
    {
      "seed": 137,
      "r2_mis": 0.001800186842981888,
      "r2_mem": 0.044894761256065285,
      "r2_phi": 0.572227477396306,
      "r2_std_ref": 0.572227,
      "alpha_mis": 0.0019881538436409833,
      "alpha_mem": -0.004544068245981996,
      "alpha_phi": 0.0019882220430597433,
      "corr_mis": 0.04242860877970961,
      "corr_mem": -0.2118838390629763,
      "scale_mis": 6.56161551361466,
      "scale_mem": 14.336890298294357,
      "scale_phi": 116.98264694757421,
      "var_mismatch": 7.920897670563701e-05,
      "var_mem": 0.00037476625952802175,
      "mean_mismatch": 0.012756365895249179,
      "mean_mem": 0.023474521968273303,
      "r2_mis_beats_std": false,
      "r2_mis_beats_mem": false
    },
    {
      "seed": 1729,
      "r2_mis": 0.02146873041471331,
      "r2_mem": 0.10106560612774051,
      "r2_phi": 0.03470401380220045,
      "r2_std_ref": 0.034704,
      "alpha_mis": 0.0020089455547877334,
      "alpha_mem": 0.0017637867484180017,
      "alpha_phi": 0.00014264338495033406,
      "corr_mis": 0.14652211578704755,
      "corr_mem": 0.3179081724771174,
      "scale_mis": 6.694530509010598,
      "scale_mem": 16.544007865276104,
      "scale_phi": 119.87353933036535,
      "var_mismatch": 3.470013868233863e-05,
      "var_mem": 0.00020087864850004203,
      "mean_mismatch": 0.006545620425867786,
      "mean_mem": 0.020432808474563694,
      "r2_mis_beats_std": false,
      "r2_mis_beats_mem": false
    },
    {
      "seed": 2718,
      "r2_mis": 0.20824845129039937,
      "r2_mem": 0.03848864287884812,
      "r2_phi": 0.20711172906896114,
      "r2_std_ref": 0.207112,
      "alpha_mis": 0.01821359460038461,
      "alpha_mem": -0.004769957385037188,
      "alpha_phi": -0.001963084810826785,
      "corr_mis": 0.4563424714952571,
      "corr_mem": -0.19618522594438179,
      "scale_mis": 12.388330925794193,
      "scale_mem": 20.336179828394226,
      "scale_phi": 114.62539838344537,
      "var_mismatch": 0.00020457467693750807,
      "var_mem": 0.0002912636300722095,
      "mean_mismatch": 0.01573630389309115,
      "mean_mem": 0.02552145758213407,
      "r2_mis_beats_std": true,
      "r2_mis_beats_mem": true
    }
  ]
}