{
  "test": "QNG-CPU-050",
  "theory": "DER-BRIDGE-032",
  "decision": "pass",
  "tier": "Tier-1",
  "n_pass": 3,
  "p1_pass": true,
  "p2_pass": true,
  "p3_pass": true,
  "p4_pass": false,
  "n_improves": 5,
  "n_mis_dominant": 4,
  "n_sign_consistent": 4,
  "n_significant": 0,
  "majority_sign_e_mis": -1,
  "mean_delta_split": -0.04326315610961712,
  "mean_e_mis_ett": -0.17533121819719005,
  "mean_f_mem_ett": 0.08583424158323265,
  "seeds": [
    {
      "seed": 20260325,
      "ratio4_split": 0.31618202863502165,
      "ratio6_split": 0.27524863570026403,
      "delta_split": -0.04093339293475762,
      "improves": true,
      "e_mis_ett": -0.5160056273630311,
      "f_mem_ett": 0.20395426761056243,
      "a_geom_ett": -5.377927699482393,
      "e_mis_abs": 0.5160056273630311,
      "f_mem_abs": 0.20395426761056243,
      "a_geom_abs": 5.377927699482393,
      "mis_dominant": true,
      "sig_ratio": 0.09594878477311901,
      "significant": false,
      "sign_e_mis": -1,
      "fit4_exx_ratio": 0.2996070487009028,
      "fit4_ett_ratio": 0.3327570085691404,
      "fit6_exx_ratio": 0.2744818588586525,
      "fit6_ett_ratio": 0.27601541254187556,
      "fit6_exx_coeffs": {
        "kappa": 3.946368456846589,
        "q_src": -0.017106673925832545,
        "src": -7.546906746687252,
        "m_eff": 0.0874890404631192,
        "div_J_mis": 0.23782735994080723,
        "div_J_mem": -0.08855470334852346
      },
      "fit6_ett_coeffs": {
        "kappa": -5.377927699482393,
        "q_src": 0.017476135647400852,
        "src": 6.41285681833174,
        "m_eff": -0.022531478583833593,
        "div_J_mis": -0.5160056273630311,
        "div_J_mem": 0.20395426761056243
      }
    },
    {
      "seed": 42,
      "ratio4_split": 0.3276145473227566,
      "ratio6_split": 0.23576204420696734,
      "delta_split": -0.09185250311578924,
      "improves": true,
      "e_mis_ett": -0.05522956381221933,
      "f_mem_ett": 0.18338439800745698,
      "a_geom_ett": -5.165256960863295,
      "e_mis_abs": 0.05522956381221933,
      "f_mem_abs": 0.18338439800745698,
      "a_geom_abs": 5.165256960863295,
      "mis_dominant": false,
      "sig_ratio": 0.03550344143513957,
      "significant": false,
      "sign_e_mis": -1,
      "fit4_exx_ratio": 0.3212339178677498,
      "fit4_ett_ratio": 0.33399517677776336,
      "fit6_exx_ratio": 0.2323284167235573,
      "fit6_ett_ratio": 0.23919567169037734,
      "fit6_exx_coeffs": {
        "kappa": 3.5598455491740713,
        "q_src": 0.05116049727754585,
        "src": -37.30131982056301,
        "m_eff": -0.009523552118492429,
        "div_J_mis": 0.03514857200318039,
        "div_J_mem": -0.1199331436561495
      },
      "fit6_ett_coeffs": {
        "kappa": -5.165256960863295,
        "q_src": -0.08143800470061324,
        "src": 54.88341489888154,
        "m_eff": 0.06160641159490393,
        "div_J_mis": -0.05522956381221933,
        "div_J_mem": 0.18338439800745698
      }
    },
    {
      "seed": 137,
      "ratio4_split": 0.38440942045859205,
      "ratio6_split": 0.34136868170013984,
      "delta_split": -0.04304073875845221,
      "improves": true,
      "e_mis_ett": -0.35401227517746237,
      "f_mem_ett": 0.1678870140723624,
      "a_geom_ett": -5.831475683109171,
      "e_mis_abs": 0.35401227517746237,
      "f_mem_abs": 0.1678870140723624,
      "a_geom_abs": 5.831475683109171,
      "mis_dominant": true,
      "sig_ratio": 0.060707151056611015,
      "significant": false,
      "sign_e_mis": -1,
      "fit4_exx_ratio": 0.37204118719684015,
      "fit4_ett_ratio": 0.396777653720344,
      "fit6_exx_ratio": 0.3216012697091089,
      "fit6_ett_ratio": 0.3611360936911708,
      "fit6_exx_coeffs": {
        "kappa": 3.885411618587518,
        "q_src": -0.010998161754659175,
        "src": -3.512709363472304,
        "m_eff": 0.045117975384625364,
        "div_J_mis": 0.2620510376207493,
        "div_J_mem": -0.1369322654420292
      },
      "fit6_ett_coeffs": {
        "kappa": -5.831475683109171,
        "q_src": -0.006251140681356876,
        "src": 8.02756199187532,
        "m_eff": 0.019755126654600275,
        "div_J_mis": -0.35401227517746237,
        "div_J_mem": 0.1678870140723624
      }
    },
    {
      "seed": 1729,
      "ratio4_split": 0.3922243811143663,
      "ratio6_split": 0.36260222471466264,
      "delta_split": -0.02962215639970367,
      "improves": true,
      "e_mis_ett": -0.16158598461728377,
      "f_mem_ett": 0.020678841350442248,
      "a_geom_ett": -6.81647856791769,
      "e_mis_abs": 0.16158598461728377,
      "f_mem_abs": 0.020678841350442248,
      "a_geom_abs": 6.81647856791769,
      "mis_dominant": true,
      "sig_ratio": 0.023705199540683855,
      "significant": false,
      "sign_e_mis": -1,
      "fit4_exx_ratio": 0.39566891729682424,
      "fit4_ett_ratio": 0.3887798449319083,
      "fit6_exx_ratio": 0.3626088371353336,
      "fit6_ett_ratio": 0.3625956122939916,
      "fit6_exx_coeffs": {
        "kappa": 4.928444046612956,
        "q_src": -0.0332788737717921,
        "src": 6.907903012920337,
        "m_eff": 0.06917198613692382,
        "div_J_mis": 0.07669263293667503,
        "div_J_mem": 0.015956892819276036
      },
      "fit6_ett_coeffs": {
        "kappa": -6.81647856791769,
        "q_src": 0.0063882706536886255,
        "src": 3.005088432379199,
        "m_eff": -0.00561392041008683,
        "div_J_mis": -0.16158598461728377,
        "div_J_mem": 0.020678841350442248
      }
    },
    {
      "seed": 2718,
      "ratio4_split": 0.369795408569814,
      "ratio6_split": 0.3589284192304312,
      "delta_split": -0.010866989339382849,
      "improves": true,
      "e_mis_ett": 0.21017735998404646,
      "f_mem_ett": -0.14673331312466084,
      "a_geom_ett": -6.2862194487219405,
      "e_mis_abs": 0.21017735998404646,
      "f_mem_abs": 0.14673331312466084,
      "a_geom_abs": 6.2862194487219405,
      "mis_dominant": true,
      "sig_ratio": 0.03343462023534318,
      "significant": false,
      "sign_e_mis": 1,
      "fit4_exx_ratio": 0.37435809575722695,
      "fit4_ett_ratio": 0.3652327213824011,
      "fit6_exx_ratio": 0.36245352594309566,
      "fit6_ett_ratio": 0.35540331251776675,
      "fit6_exx_coeffs": {
        "kappa": 4.09212279992286,
        "q_src": 0.013965147870975683,
        "src": -23.728376286392773,
        "m_eff": -0.02976604081756104,
        "div_J_mis": -0.1581221070360464,
        "div_J_mem": 0.1025987468354813
      },
      "fit6_ett_coeffs": {
        "kappa": -6.2862194487219405,
        "q_src": -0.027648764822233787,
        "src": 34.47520160223611,
        "m_eff": 0.12613132309450156,
        "div_J_mis": 0.21017735998404646,
        "div_J_mem": -0.14673331312466084
      }
    }
  ]
}