{
  "test_id": "QNG-CPU-034",
  "decision": "pass",
  "parameters": {
    "n_nodes": 64,
    "eq_steps": 3000,
    "deph_steps": 500,
    "epsilon": 0.02,
    "delta_a": 0.0,
    "delta_b": 0.2,
    "sigma_source": 0.05,
    "threshold_1_over_e": 0.367879
  },
  "condition_a": {
    "chi_mean": -6.071532165918825e-18,
    "chi_var": 0.3898835675712152,
    "sigma_chi": 0.6244065723318543,
    "t2_gaussian": 113.24460896461231,
    "t2_exact": 500.0,
    "t2_meas": 501.0,
    "coherence_at_50": 0.9835883575079172,
    "coherence_at_100": 0.9514586924130953,
    "coherence_final": 0.6768714497700332
  },
  "condition_b": {
    "chi_mean": 3.33951879761608,
    "chi_var": 21.010954706007936,
    "sigma_chi": 4.583770795535913,
    "t2_gaussian": 15.426311932420171,
    "t2_exact": 77.0,
    "t2_meas": 77.0,
    "coherence_at_50": 0.45103365516072624,
    "coherence_at_100": 0.3600873846025335,
    "coherence_final": 0.22321726884134674
  },
  "coherence_series_A": [
    1.0,
    0.992784,
    0.977358,
    0.967185,
    0.970821,
    0.983588,
    0.992192,
    0.987063,
    0.970513,
    0.954815,
    0.951459,
    0.960191,
    0.969281,
    0.966699,
    0.950613,
    0.930888,
    0.920692,
    0.924279,
    0.932803,
    0.932943,
    0.918855,
    0.896995,
    0.880762,
    0.878476,
    0.885289,
    0.888,
    0.877268,
    0.855442,
    0.834633,
    0.826262,
    0.830212,
    0.834979,
    0.828647,
    0.809136,
    0.785837,
    0.771826,
    0.771885,
    0.777802,
    0.776433,
    0.761405,
    0.738201,
    0.719775,
    0.71523,
    0.721018,
    0.724511,
    0.715708,
    0.695422,
    0.674611,
    0.66532,
    0.669445,
    0.676871
  ],
  "coherence_series_B": [
    1.0,
    0.7433,
    0.581617,
    0.562341,
    0.496368,
    0.451034,
    0.428899,
    0.431507,
    0.383838,
    0.370093,
    0.360087,
    0.378947,
    0.291977,
    0.376196,
    0.261723,
    0.382071,
    0.273722,
    0.265424,
    0.374069,
    0.25033,
    0.201349,
    0.345209,
    0.3204,
    0.172237,
    0.224865,
    0.311691,
    0.338407,
    0.143205,
    0.235,
    0.197136,
    0.334223,
    0.305671,
    0.169578,
    0.186959,
    0.165411,
    0.219898,
    0.360204,
    0.274139,
    0.110535,
    0.207042,
    0.14086,
    0.18558,
    0.20972,
    0.391612,
    0.238507,
    0.120265,
    0.176506,
    0.147657,
    0.125637,
    0.158755,
    0.223217
  ],
  "comparisons": {
    "t2_gaussian_B": 15.43,
    "t2_exact_B": 77.0,
    "t2_meas_B": 77.0,
    "t2_ratio_meas_over_exact": 1.0,
    "c_a_at_t2b": 0.976052,
    "coherence_final_A": 0.676871,
    "coherence_final_B": 0.223217
  },
  "epsilon_constraint": "epsilon = sqrt(2) / (T2*_meas * sigma_chi) = sqrt(2) / (77.0 * 4.5838) = 0.004007 (input epsilon = 0.02)",
  "checks": {
    "decoherence_occurs_B_pass": true,
    "t2_star_ratio_pass": true,
    "no_decoherence_A_pass": true,
    "monotone_decay_pass": true
  },
  "interpretation": "Dephasing confirmed. epsilon = sqrt(2) / (T2*_meas * sigma_chi) = sqrt(2) / (77.0 * 4.5838) = 0.004007 (input epsilon = 0.02). Input \u03b5 = 0.0200. Matching T\u2082* to observed decoherence time constrains \u03b5 in substrate units."
}