{
  "test_id": "QNG-CPU-059",
  "theory_doc": "DER-BRIDGE-041",
  "seeds": [
    20260325,
    42,
    137,
    1729,
    2718
  ],
  "per_seed": [
    {
      "seed": 20260325,
      "abs_corr_step1": 0.9995155595938905,
      "abs_corr_step12": 0.9770394191340905,
      "abs_corr_step24": 0.9747883281497046,
      "abs_corr_nohist_mean": 0.969650949000144,
      "abs_corr_hist_mean": 0.9841388195825252,
      "corr_kur_sig": -0.9728320631841413,
      "kuramoto_final": 0.9499897128324306,
      "frac_htt_neg_final": 0.375,
      "frac_hxx_pos_final": 0.4375,
      "delta_early": 0.022476140459799954,
      "delta_late": 0.0022510909843859173,
      "p1_pass": false,
      "p2_pass": true,
      "p3_pass": false,
      "p4_pass": true
    },
    {
      "seed": 42,
      "abs_corr_step1": 0.9988715976354445,
      "abs_corr_step12": 0.9910940478835806,
      "abs_corr_step24": 0.9979551520621126,
      "abs_corr_nohist_mean": 0.9460054288327342,
      "abs_corr_hist_mean": 0.996133860599009,
      "corr_kur_sig": -0.42508760190099515,
      "kuramoto_final": 0.9785291349773007,
      "frac_htt_neg_final": 0.4375,
      "frac_hxx_pos_final": 0.4375,
      "delta_early": 0.007777549751863955,
      "delta_late": 0.006861104178532029,
      "p1_pass": false,
      "p2_pass": true,
      "p3_pass": false,
      "p4_pass": true
    },
    {
      "seed": 137,
      "abs_corr_step1": 0.9995460657639454,
      "abs_corr_step12": 0.9841916819490303,
      "abs_corr_step24": 0.9620586768108239,
      "abs_corr_nohist_mean": 0.9129900524913817,
      "abs_corr_hist_mean": 0.984044981988959,
      "corr_kur_sig": -0.9298949662923467,
      "kuramoto_final": 0.9255289007523323,
      "frac_htt_neg_final": 0.375,
      "frac_hxx_pos_final": 0.5,
      "delta_early": 0.015354383814915162,
      "delta_late": 0.022133005138206374,
      "p1_pass": false,
      "p2_pass": true,
      "p3_pass": false,
      "p4_pass": false
    },
    {
      "seed": 1729,
      "abs_corr_step1": 0.9992599991205667,
      "abs_corr_step12": 0.9814851656546988,
      "abs_corr_step24": 0.8559266885496477,
      "abs_corr_nohist_mean": 0.9284166698007006,
      "abs_corr_hist_mean": 0.9483971331086588,
      "corr_kur_sig": -0.7138941090408513,
      "kuramoto_final": 0.9134809890941195,
      "frac_htt_neg_final": 0.5,
      "frac_hxx_pos_final": 0.4375,
      "delta_early": 0.017774833465867945,
      "delta_late": 0.12555847710505108,
      "p1_pass": false,
      "p2_pass": true,
      "p3_pass": false,
      "p4_pass": false
    },
    {
      "seed": 2718,
      "abs_corr_step1": 0.9996095656666792,
      "abs_corr_step12": 0.9995849997827498,
      "abs_corr_step24": 0.9987535320359263,
      "abs_corr_nohist_mean": 0.9814872076779162,
      "abs_corr_hist_mean": 0.9994348254833763,
      "corr_kur_sig": -0.6308530405103997,
      "kuramoto_final": 0.9777323840789807,
      "frac_htt_neg_final": 0.5,
      "frac_hxx_pos_final": 0.5,
      "delta_early": 2.4565883929406063e-05,
      "delta_late": 0.0008314677468235221,
      "p1_pass": false,
      "p2_pass": true,
      "p3_pass": false,
      "p4_pass": false
    }
  ],
  "summary": {
    "n_p1": 0,
    "p1_pass": false,
    "n_p2": 5,
    "p2_pass": true,
    "n_p3": 0,
    "p3_pass": false,
    "n_p4": 2,
    "p4_pass": false,
    "overall": "1/4"
  },
  "key_values": {
    "mean_abs_corr_step1": 0.9993605575561052,
    "mean_abs_corr_step24": 0.957896475521643,
    "mean_corr_kur_sig": -0.7345123561857468,
    "mean_kuramoto_final": 0.9490522243470327,
    "mean_frac_htt_neg_final": 0.4375
  }
}