{
  "test": "QNG-CPU-044",
  "theory": "DER-BRIDGE-026",
  "decision": "fail",
  "n_pass": 1,
  "p1_pass": false,
  "p2_pass": true,
  "p3_pass": false,
  "p4_pass": false,
  "n_beats_std": 1,
  "n_alpha_pos": 4,
  "mean_r2_hp": 0.11753557738718845,
  "mean_r2_std": 0.19960320709123824,
  "max_r2_hp": 0.3328769014383405,
  "mean_alpha_abs": 0.0008900102551444496,
  "cv_alpha": 1.0833652045678908,
  "seeds": [
    {
      "seed": 20260325,
      "r2_hp": 0.004342689431900526,
      "r2_std_local": 0.04561656793834579,
      "alpha_hp": 0.00020467503489438182,
      "alpha_std_local": 0.0006954387001803454,
      "corr_hp": 0.06589908521292473,
      "corr_std": 0.21358035475751458,
      "scale_ratio_hp": 111.24733819628966,
      "scale_ratio_std": 106.11519202226911,
      "var_phi": 0.11436027649213759,
      "var_h_phase": 0.04732251914761547,
      "corr_phi_hphase": 0.8654401461239338,
      "r2_hp_beats_std": false
    },
    {
      "seed": 42,
      "r2_hp": 0.0033641853674938327,
      "r2_std_local": 0.13835624725037787,
      "alpha_hp": 8.89999388684323e-05,
      "alpha_std_local": 0.0006893949491314418,
      "corr_hp": 0.05800159797362197,
      "corr_std": 0.37196269604676446,
      "scale_ratio_hp": 119.66760985376771,
      "scale_ratio_std": 99.07353430896544,
      "var_phi": 0.048265546443692284,
      "var_h_phase": 0.016125314840452945,
      "corr_phi_hphase": 0.8701861153320354,
      "r2_hp_beats_std": false
    },
    {
      "seed": 137,
      "r2_hp": 0.3328769014383405,
      "r2_std_local": 0.572227477396306,
      "alpha_hp": 0.001981307259278572,
      "alpha_std_local": 0.0019882220430597433,
      "corr_hp": 0.5769548521663895,
      "corr_std": 0.756457188078946,
      "scale_ratio_hp": 89.53482180716914,
      "scale_ratio_std": 116.98264694757421,
      "var_phi": 0.1716088472938312,
      "var_h_phase": 0.0480953212905585,
      "corr_phi_hphase": 0.9746361102815285,
      "r2_hp_beats_std": false
    },
    {
      "seed": 1729,
      "r2_hp": 0.10635979140101348,
      "r2_std_local": 0.03470401380220045,
      "alpha_hp": 0.00026945407771018337,
      "alpha_std_local": 0.00014264338495033406,
      "corr_hp": 0.32612848909749204,
      "corr_std": 0.18629013340002804,
      "scale_ratio_hp": 111.09361243124155,
      "scale_ratio_std": 119.87353933036535,
      "var_phi": 0.19042376395762683,
      "var_h_phase": 0.023669658380936407,
      "corr_phi_hphase": 0.8411518576780765,
      "r2_hp_beats_std": true
    },
    {
      "seed": 2718,
      "r2_hp": 0.14073431929719393,
      "r2_std_local": 0.20711172906896114,
      "alpha_hp": -0.0019056149649706784,
      "alpha_std_local": -0.001963084810826785,
      "corr_hp": -0.37514573074632457,
      "corr_std": -0.4550952966895628,
      "scale_ratio_hp": 97.33800197387308,
      "scale_ratio_std": 114.62539838344537,
      "var_phi": 0.050939828089931534,
      "var_h_phase": 0.01943978434810552,
      "corr_phi_hphase": 0.9615833342387332,
      "r2_hp_beats_std": false
    }
  ]
}