{
  "test": "QNG-CPU-055",
  "theory": "DER-BRIDGE-037",
  "decision": "partial",
  "n_pass": 2,
  "p1_pass": false,
  "p2_pass": true,
  "p3_pass": true,
  "p4_pass": false,
  "n_p1": 1,
  "n_p2": 5,
  "n_p3": 3,
  "n_p4": 0,
  "mean_ratio_qm": 1.0003742496633334,
  "mean_ratio_qmgr": 0.953361498821058,
  "mean_fp_shift": 0.0010804115141854697,
  "eta": 0.05,
  "k_max": 30,
  "seeds": [
    {
      "seed": 20260325,
      "a_mis": -0.018298948534178534,
      "a_mem": 0.007193808059511253,
      "g_tt": 0.0004042636688166558,
      "qm_converges": false,
      "qmgr_converges": true,
      "fp_shift": 0.00012900446344498278,
      "fp_shift_significant": false,
      "gr_faster": false,
      "delta_0_qm": 0.0001143556387641039,
      "delta_29_qm": 0.00011441611550751692,
      "delta_0_qmgr": 0.00011800903237191438,
      "delta_29_qmgr": 0.00011760338077245134,
      "ratio_qm": 1.0005288479349739,
      "ratio_qmgr": 0.9965625377031768,
      "delta_norms_qm": [
        0.0001143556387641039,
        0.0001143577276537893,
        0.00011435981629463175,
        0.00011436190468662384,
        0.0001143639928297581,
        0.00011436608072402703,
        0.00011436816836942326,
        0.00011437025576593925,
        0.00011437234291356757,
        0.00011437442981230078,
        0.00011437651646213141,
        0.00011437860286305201,
        0.0001143806890150551,
        0.00011438277491813329,
        0.00011438486057227905,
        0.00011438694597748498,
        0.00011438903113374366,
        0.00011439111604104758,
        0.00011439320069938935,
        0.00011439528510876149,
        0.00011439736926915656,
        0.00011439945318056712,
        0.00011440153684298576,
        0.00011440362025640499,
        0.0001144057034208174,
        0.00011440778633621557,
        0.00011440986900259203,
        0.00011441195141993937,
        0.00011441403358825013,
        0.00011441611550751692
      ],
      "delta_norms_qmgr": [
        0.00011800903237191438,
        0.00011799510515333034,
        0.00011798118141695532,
        0.00011796726116197271,
        0.00011795323311142365,
        0.00011793919617187808,
        0.00011792516280936842,
        0.00011791113302304077,
        0.00011789710681204167,
        0.0001178830841755177,
        0.00011786906511261569,
        0.00011785504962248276,
        0.00011784103770426605,
        0.00011782702935711309,
        0.00011781302458017155,
        0.00011779902337258927,
        0.0001177850257335143,
        0.00011777103166209496,
        0.00011775704115747972,
        0.00011774305421881725,
        0.00011772907084525643,
        0.00011771509103594637,
        0.00011770111479003635,
        0.00011768714210667587,
        0.00011767317298501464,
        0.00011765920742420258,
        0.00011764524542338982,
        0.00011763128698172663,
        0.00011761733209836358,
        0.00011760338077245134
      ]
    },
    {
      "seed": 42,
      "a_mis": -0.009002712613826278,
      "a_mem": 0.0011256656378751803,
      "g_tt": 0.003508499549631082,
      "qm_converges": false,
      "qmgr_converges": true,
      "fp_shift": 0.0011574613743985571,
      "fp_shift_significant": true,
      "gr_faster": false,
      "delta_0_qm": 7.882940601913955e-05,
      "delta_29_qm": 7.885516502486997e-05,
      "delta_0_qmgr": 0.00010599228351839829,
      "delta_29_qmgr": 0.00010274712878623189,
      "ratio_qm": 1.0003267689943542,
      "ratio_qmgr": 0.9693831038973408,
      "delta_norms_qm": [
        7.882940601913955e-05,
        7.883029501915131e-05,
        7.883118396500814e-05,
        7.883207285670792e-05,
        7.883296169424855e-05,
        7.883385047762791e-05,
        7.883473920684389e-05,
        7.883562788189441e-05,
        7.88365165027773e-05,
        7.88374050694905e-05,
        7.88382935820319e-05,
        7.883918204039936e-05,
        7.884007044459078e-05,
        7.884095879460409e-05,
        7.884184709043714e-05,
        7.884273533208784e-05,
        7.884362351955405e-05,
        7.884451165283371e-05,
        7.88453997319247e-05,
        7.884628775682488e-05,
        7.884717572753217e-05,
        7.884806364404448e-05,
        7.884895150635965e-05,
        7.884983931447563e-05,
        7.885072706839027e-05,
        7.88516147681015e-05,
        7.88525024136072e-05,
        7.885339000490523e-05,
        7.885427754199353e-05,
        7.885516502486997e-05
      ],
      "delta_norms_qmgr": [
        0.00010599228351839829,
        0.00010588012651900055,
        0.00010576816713082983,
        0.00010565406752180952,
        0.00010553961303434888,
        0.00010542537321242897,
        0.00010531134771141609,
        0.00010519753618719584,
        0.00010508393829617257,
        0.00010497055369526682,
        0.00010485738204191635,
        0.00010474442299407196,
        0.00010463167621019858,
        0.00010451914134927337,
        0.00010440681807078406,
        0.00010429470603472762,
        0.00010418280490160961,
        0.00010407111433244283,
        0.0001039596339887461,
        0.00010384836353254285,
        0.00010373730262636006,
        0.00010362645093322651,
        0.0001035158081166724,
        0.0001034053738407282,
        0.00010329514776992235,
        0.00010318512956928095,
        0.00010307531890432696,
        0.00010296571544107745,
        0.00010285631884604444,
        0.00010274712878623189
      ]
    },
    {
      "seed": 137,
      "a_mis": -0.009644567779790704,
      "a_mem": 0.0060412492551219455,
      "g_tt": 0.007986007762300351,
      "qm_converges": false,
      "qmgr_converges": true,
      "fp_shift": 0.0017741362239813137,
      "fp_shift_significant": true,
      "gr_faster": false,
      "delta_0_qm": 5.973859471021833e-05,
      "delta_29_qm": 5.9748224779006156e-05,
      "delta_0_qmgr": 0.00010944335687991549,
      "delta_29_qmgr": 9.940379020636906e-05,
      "ratio_qm": 1.0001612034704623,
      "ratio_qmgr": 0.9082670071554718,
      "delta_norms_qm": [
        5.973859471021833e-05,
        5.973892719526461e-05,
        5.973925965076361e-05,
        5.973959207671493e-05,
        5.9739924473118234e-05,
        5.974025683997313e-05,
        5.9740589177279264e-05,
        5.9740921485036246e-05,
        5.974125376324373e-05,
        5.974158601190131e-05,
        5.974191823100864e-05,
        5.9742250420565345e-05,
        5.9742582580571056e-05,
        5.9742914711025394e-05,
        5.974324681192799e-05,
        5.9743578883278485e-05,
        5.974391092507649e-05,
        5.974424293732165e-05,
        5.974457492001359e-05,
        5.9744906873151934e-05,
        5.9745238796736296e-05,
        5.974557069076634e-05,
        5.974590255524168e-05,
        5.9746234390161936e-05,
        5.9746566195526756e-05,
        5.974689797133575e-05,
        5.974722971758856e-05,
        5.9747561434284814e-05,
        5.974789312142413e-05,
        5.9748224779006156e-05
      ],