{
  "test": "QNG-CPU-051",
  "theory": "DER-BRIDGE-033",
  "decision": "pass",
  "tier": "Tier-1-large-N",
  "n_pass": 4,
  "p1_pass": true,
  "p2_pass": true,
  "p3_pass": true,
  "p4_pass": true,
  "p2_count": 4,
  "p3_count": 4,
  "n_scaling": {
    "8": {
      "n_improves": 5,
      "mean_delta": -0.14714027114273992,
      "mean_e_mis": -0.9469387109099359,
      "mean_e_mis_abs": 1.0369982182221673
    },
    "16": {
      "n_improves": 5,
      "mean_delta": -0.04326315610961712,
      "mean_e_mis": -0.17533121819719005,
      "mean_e_mis_abs": 0.2594021621908086
    },
    "32": {
      "n_improves": 5,
      "mean_delta": -0.01798875899523582,
      "mean_e_mis": -0.15894431936279832,
      "mean_e_mis_abs": 0.15894431936279832
    }
  },
  "all_results": {
    "8": [
      {
        "seed": 20260325,
        "n_nodes": 8,
        "ratio4_split": 0.4234297740249139,
        "ratio6_split": 0.09707414936403291,
        "delta_split": -0.32635562466088097,
        "improves": true,
        "e_mis_ett": -0.8097866726401645,
        "f_mem_ett": 0.2730150374521582,
        "a_geom_ett": -4.819404549873532,
        "e_mis_abs": 0.8097866726401645,
        "sign_e_mis": -1,
        "fit6_ett_coeffs": {
          "kappa": -4.819404549873532,
          "q_src": 0.050177158053408194,
          "src": -13.14902516492355,
          "m_eff": -0.009074103355047186,
          "div_J_mis": -0.8097866726401645,
          "div_J_mem": 0.2730150374521582
        },
        "fit6_exx_coeffs": {
          "kappa": 2.705073359735928,
          "q_src": -0.038029512626554476,
          "src": 9.1469513410593,
          "m_eff": 0.05145325279389432,
          "div_J_mis": 0.5214097637528606,
          "div_J_mem": -0.21100902910342123
        }
      },
      {
        "seed": 42,
        "n_nodes": 8,
        "ratio4_split": 0.2622321669386586,
        "ratio6_split": 0.08584152660094058,
        "delta_split": -0.176390640337718,
        "improves": true,
        "e_mis_ett": -3.3322165746655363,
        "f_mem_ett": 2.2179198314088375,
        "a_geom_ett": -0.05220059008040412,
        "e_mis_abs": 3.3322165746655363,
        "sign_e_mis": -1,
        "fit6_ett_coeffs": {
          "kappa": -0.05220059008040412,
          "q_src": 0.31638918842528885,
          "src": -103.32372262553287,
          "m_eff": -0.2540537767384207,
          "div_J_mis": -3.3322165746655363,
          "div_J_mem": 2.2179198314088375
        },
        "fit6_exx_coeffs": {
          "kappa": -0.12060541360862453,
          "q_src": -0.22891832300356718,
          "src": 71.88983599334978,
          "m_eff": 0.2397597490235084,
          "div_J_mis": 2.341070637585494,
          "div_J_mem": -1.545414207821748
        }
      },
      {
        "seed": 137,
        "n_nodes": 8,
        "ratio4_split": 0.35590812457745397,
        "ratio6_split": 0.2717202611552879,
        "delta_split": -0.08418786342216605,
        "improves": true,
        "e_mis_ett": -0.1253389028172469,
        "f_mem_ett": 0.12562722980649202,
        "a_geom_ett": -6.51634996621798,
        "e_mis_abs": 0.1253389028172469,
        "sign_e_mis": -1,
        "fit6_ett_coeffs": {
          "kappa": -6.51634996621798,
          "q_src": 0.05490261677200703,
          "src": -10.821348089194714,
          "m_eff": -0.15498529576369657,
          "div_J_mis": -0.1253389028172469,
          "div_J_mem": 0.12562722980649202
        },
        "fit6_exx_coeffs": {
          "kappa": 4.411371229483908,
          "q_src": -0.042970957459374626,
          "src": 8.502155926176272,
          "m_eff": 0.16427924884728773,
          "div_J_mis": 0.09142575314876966,
          "div_J_mem": -0.08903371496505283
        }
      },
      {
        "seed": 1729,
        "n_nodes": 8,
        "ratio4_split": 0.3714168771509073,
        "ratio6_split": 0.2904911648371895,
        "delta_split": -0.08092571231371781,
        "improves": true,
        "e_mis_ett": -0.69250017270731,
        "f_mem_ett": 0.14237800111272772,
        "a_geom_ett": -4.710006923443965,
        "e_mis_abs": 0.69250017270731,
        "sign_e_mis": -1,
        "fit6_ett_coeffs": {
          "kappa": -4.710006923443965,
          "q_src": 0.01881933319058012,
          "src": 1.0980749524711655,
          "m_eff": -0.02065589776456276,
          "div_J_mis": -0.69250017270731,
          "div_J_mem": 0.14237800111272772
        },
        "fit6_exx_coeffs": {
          "kappa": 3.56783437971451,
          "q_src": -0.028137373484792165,
          "src": -1.7053800689889478,
          "m_eff": 0.0741210427324074,
          "div_J_mis": 0.4657441253751753,
          "div_J_mem": -0.05688217470387277
        }
      },
      {
        "seed": 2718,
        "n_nodes": 8,
        "ratio4_split": 0.2418767809318863,
        "ratio6_split": 0.17403526595266944,
        "delta_split": -0.06784151497921687,
        "improves": true,
        "e_mis_ett": 0.22514876828057823,
        "f_mem_ett": -0.04489202858888836,
        "a_geom_ett": -7.028559884922138,
        "e_mis_abs": 0.22514876828057823,
        "sign_e_mis": 1,
        "fit6_ett_coeffs": {
          "kappa": -7.028559884922138,
          "q_src": 0.01647358886211467,
          "src": 0.585622596065642,
          "m_eff": 0.01446628832203041,
          "div_J_mis": 0.22514876828057823,
          "div_J_mem": -0.04489202858888836
        },
        "fit6_exx_coeffs": {
          "kappa": 3.41220981120981,
          "q_src": 0.0018316541276983049,
          "src": -7.458903553928202,
          "m_eff": 0.04111138548112961,
          "div_J_mis": -0.1408142372820761,
          "div_J_mem": 0.0071969938771437895
        }
      }
    ],
    "16": [
      {
        "seed": 20260325,
        "n_nodes": 16,
        "ratio4_split": 0.31618202863502165,
        "ratio6_split": 0.27524863570026403,
        "delta_split": -0.04093339293475762,
        "improves": true,
        "e_mis_ett": -0.5160056273630311,
        "f_mem_ett": 0.20395426761056243,
        "a_geom_ett": -5.377927699482393,
        "e_mis_abs": 0.5160056273630311,
        "sign_e_mis": -1,
        "fit6_ett_coeffs": {
          "kappa": -5.377927699482393,
          "q_src": 0.017476135647400852,
          "src": 6.41285681833174,
          "m_eff": -0.022531478583833593,
          "div_J_mis": -0.5160056273630311,
          "div_J_mem": 0.20395426761056243
        },
        "fit6_exx_coeffs": {
          "kappa": 3.946368456846589,
          "q_src": -0.017106673925832545,
          "src": -7.546906746687252,
          "m_eff": 0.0874890404631192,
          "div_J_mis": 0.23782735994080723,
          "div_J_mem": -0.08855470334852346
        }
      },
      {
        "seed": 42,
        "n_nodes": 16,
        "ratio4_split": 0.3276145473227566,
        "ratio6_split": 0.23576204420696734,
        "delta_split": -0.09185250311578924,
        "improves": true,
        "e_mis_ett": -0.05522956381221933,
        "f_mem_ett": 0.18338439800745698,
        "a_geom_ett": -5.165256960863295,
        "e_mis_abs": 0.05522956381221933,
        "sign_e_mis": -1,
        "fit6_ett_coeffs": {
          "kappa": -5.165256960863295,
          "q_src": -0.08143800470061324,
          "src": 54.88341489888154,
          "m_eff": 0.06160641159490393,
          "div_J_mis": -0.05522956381221933,
          "div_J_mem": 0.18338439800745698
        },
        "fit6_exx_coeffs": {
          "kappa": 3.5598455491740713,
          "q_src": 0.05116049727754585,
          "src": -37.30131982056301,
          "m_eff": -0.009523552118492429,
          "div_J_mis": 0.03514857200318039,
          "div_J_mem": -0.1199331436561495
        }
      },
      {
        "seed": 137,
        "n_nodes": 16,
        "ratio4_split": 0.38440942045859205,
        "ratio6_split": 0.34136868170013984,
        "delta_split": -0.04304073875845221,
        "improves": true,
        "e_mis_ett": -0.35401227517746237,
        "f_mem_ett": 0.1678870140723624,