{
  "test": "QNG-CPU-048",
  "theory": "DER-BRIDGE-030",
  "decision": "fail",
  "n_pass": 1,
  "p1_pass": false,
  "p2_pass": true,
  "p3_pass": false,
  "p4_pass": false,
  "cv_norm": -5.8341400954171,
  "cv_std": 0.3792045935692778,
  "cv_n_std_ref": 0.369,
  "n_values": [
    8,
    16,
    32
  ],
  "summary_by_n": {
    "8": {
      "mean_r2_norm": -0.09902191453505334,
      "mean_r2_std": 0.5864078053860736,
      "n_beats_best": 2,
      "mean_degree": 3.2
    },
    "16": {
      "mean_r2_norm": -0.16475249357011035,
      "mean_r2_std": 0.4053357679971381,
      "n_beats_best": 3,
      "mean_degree": 4.325
    },
    "32": {
      "mean_r2_norm": 0.17198962024131031,
      "mean_r2_std": 0.26878143996184767,
      "n_beats_best": 2,
      "mean_degree": 6.925
    }
  },
  "all_results": {
    "8": [
      {
        "seed": 20260325,
        "n_nodes": 8,
        "mean_degree": 3.0,
        "r2_norm": 0.3500927891444391,
        "r2_std": 0.8226338588526746,
        "r2_best_norm": 0.24524058038927798,
        "r2_best_std": 0.7405220736602898,
        "norm_beats_best": true,
        "norm_beats_std_multi": false,
        "alpha_phi_n": 0.0022335461618217672,
        "alpha_mis_n": 0.14975892123456455,
        "alpha_mem_n": -0.023446327158632343,
        "alpha_phi_u": -0.00230323691872944,
        "alpha_mis_u": 0.015596491154185573,
        "alpha_mem_u": -0.007690009838853978
      },
      {
        "seed": 42,
        "n_nodes": 8,
        "mean_degree": 3.25,
        "r2_norm": 0.8944852243584833,
        "r2_std": 0.90895894423476,
        "r2_best_norm": 0.37073977032101657,
        "r2_best_std": 0.35326576291499934,
        "norm_beats_best": true,
        "norm_beats_std_multi": false,
        "alpha_phi_n": 0.0017512387634753812,
        "alpha_mis_n": 0.06508711002537838,
        "alpha_mem_n": -0.06208374830590741,
        "alpha_phi_u": 0.0005975889397100379,
        "alpha_mis_u": 0.02318930814636015,
        "alpha_mem_u": -0.019240006508244544
      },
      {
        "seed": 137,
        "n_nodes": 8,
        "mean_degree": 3.5,
        "r2_norm": -0.29146944508203765,
        "r2_std": 0.38387633464411597,
        "r2_best_norm": 0.059964489524554354,
        "r2_best_std": 0.20856773381636995,
        "norm_beats_best": false,
        "norm_beats_std_multi": false,
        "alpha_phi_n": -0.004842789678087024,
        "alpha_mis_n": -0.0069764517048991875,
        "alpha_mem_n": 0.02131544590796562,
        "alpha_phi_u": 0.0012015532136712573,
        "alpha_mis_u": 0.017045641111341155,
        "alpha_mem_u": -0.00701928326490579
      },
      {
        "seed": 1729,
        "n_nodes": 8,
        "mean_degree": 2.25,
        "r2_norm": -0.16869361733085952,
        "r2_std": 0.1342597932712406,
        "r2_best_norm": 0.0008131720210472482,
        "r2_best_std": 0.11629238895486327,
        "norm_beats_best": false,
        "norm_beats_std_multi": false,
        "alpha_phi_n": -0.0006358964260950711,
        "alpha_mis_n": -0.00657537650805187,
        "alpha_mem_n": -0.014270426301636555,
        "alpha_phi_u": 0.0011603466231401246,
        "alpha_mis_u": -0.01204998166438984,
        "alpha_mem_u": 0.002613657108360724
      },
      {
        "seed": 2718,
        "n_nodes": 8,
        "mean_degree": 4.0,
        "r2_norm": -1.279524523765292,
        "r2_std": 0.6823100959275767,
        "r2_best_norm": 0.7056080816253052,
        "r2_best_std": 0.6728014361908954,
        "norm_beats_best": false,
        "norm_beats_std_multi": false,
        "alpha_phi_n": -0.004203798146144449,
        "alpha_mis_n": -0.22853685665374493,
        "alpha_mem_n": 0.06876697435820306,
        "alpha_phi_u": -0.0005501425211285073,
        "alpha_mis_u": 0.0027179794431509284,
        "alpha_mem_u": -0.0005472772963071078
      }
    ],
    "16": [
      {
        "seed": 20260325,
        "n_nodes": 16,
        "mean_degree": 3.625,
        "r2_norm": 0.29571527815405796,
        "r2_std": 0.1477236064313897,
        "r2_best_norm": 0.06069376190890663,
        "r2_best_std": 0.04561656793834579,
        "norm_beats_best": true,
        "norm_beats_std_multi": true,
        "alpha_phi_n": 0.0018141675956788448,
        "alpha_mis_n": 0.10200146628481081,
        "alpha_mem_n": -0.05359438284764502,
        "alpha_phi_u": 0.0004786057762525352,
        "alpha_mis_u": 0.01829894853417854,
        "alpha_mem_u": -0.007193808059511256
      },
      {
        "seed": 42,
        "n_nodes": 16,
        "mean_degree": 4.375,
        "r2_norm": -0.9068266156809366,
        "r2_std": 0.5351531176251418,
        "r2_best_norm": 0.11929486683064217,
        "r2_best_std": 0.35383184798277767,
        "norm_beats_best": false,
        "norm_beats_std_multi": false,
        "alpha_phi_n": -0.005530918708224683,
        "alpha_mis_n": 0.06254465077894447,
        "alpha_mem_n": -0.01078767655063139,
        "alpha_phi_u": 0.0006266515841126385,
        "alpha_mis_u": 0.00900271261382628,
        "alpha_mem_u": -0.0011256656378751805
      },
      {
        "seed": 137,
        "n_nodes": 16,
        "mean_degree": 4.625,
        "r2_norm": 0.4837707750064335,
        "r2_std": 0.6018868016363199,
        "r2_best_norm": 0.4621813358604352,
        "r2_best_std": 0.572227477396306,
        "norm_beats_best": true,
        "norm_beats_std_multi": false,
        "alpha_phi_n": 0.012813772221708254,
        "alpha_mis_n": 0.055550961963387185,
        "alpha_mem_n": -0.03722601303219618,
        "alpha_phi_u": 0.0018535488315745625,
        "alpha_mis_u": 0.009644567779790714,
        "alpha_mem_u": -0.006041249255121948
      },
      {
        "seed": 1729,
        "n_nodes": 16,
        "mean_degree": 3.75,
        "r2_norm": -1.4929824565029177,
        "r2_std": 0.2391878041297547,
        "r2_best_norm": -0.4528712071136085,
        "r2_best_std": 0.10106560612774051,
        "norm_beats_best": false,
        "norm_beats_std_multi": false,
        "alpha_phi_n": 0.002032006434497605,
        "alpha_mis_n": -0.09249865084049261,
        "alpha_mem_n": 0.020759723930097753,
        "alpha_phi_u": 0.00012464426978929524,
        "alpha_mis_u": -0.010838957026460323,
        "alpha_mem_u": 0.005666528097557855
      },
      {
        "seed": 2718,
        "n_nodes": 16,
        "mean_degree": 5.25,
        "r2_norm": 0.7965605511728111,
        "r2_std": 0.5027275101630844,
        "r2_best_norm": 0.5101128327156585,
        "r2_best_std": 0.20824845129039937,
        "norm_beats_best": true,
        "norm_beats_std_multi": true,
        "alpha_phi_n": -0.005496777807851065,
        "alpha_mis_n": 0.1312651417573552,
        "alpha_mem_n": -0.044151397999252905,
        "alpha_phi_u": -0.001535840571069345,
        "alpha_mis_u": 0.023586788365690625,
        "alpha_mem_u": -0.008800079181623986
      }
    ],
    "32": [
      {
        "seed": 20260325,
        "n_nodes": 32,
        "mean_degree": 6.875,
        "r2_norm": 0.3665695803634531,
        "r2_std": 0.3185350479654414,
        "r2_best_norm": 0.29591278373902896,
        "r2_best_std": 0.23675062112968814,
        "norm_beats_best": true,
        "norm_beats_std_multi": true,
        "alpha_phi_n": -0.0007631992333601529,
        "alpha_mis_n": 0.21659763998061035,
        "alpha_mem_n": -0.06587564598572278,
        "alpha_phi_u": -0.00018558156061561162,
        "alpha_mis_u": 0.031007969184147513,
        "alpha_mem_u": -0.007559037697835594
      },
      {
        "seed": 42,
        "n_nodes": 32,
        "mean_degree": 6.75,
        "r2_norm": 0.08377432934865836,
        "r2_std": 0.19911987072643833,
        "r2_best_norm": 0.09110620817108073,
        "r2_best_std": 0.12042946672959598,
        "norm_beats_best": false,
        "norm_beats_std_multi": false,
        "alpha_phi_n": -0.0023696215032888387,
        "alpha_mis_n": 0.06602420593742829,
        "alpha_mem_n": -0.01739414537388546,
        "alpha_phi_u": -0.0003979076440122855,