{
  "test": "QNG-CPU-049",
  "theory": "DER-BRIDGE-031",
  "decision": "pass",
  "n_pass": 3,
  "p1_pass": true,
  "p2_pass": true,
  "p3_pass": true,
  "p4_pass": false,
  "ratio4_exx": 0.2996070487009028,
  "ratio4_ett": 0.3327570085691404,
  "ratio4_split": 0.31618202863502165,
  "ratio6_exx": 0.2744818588586525,
  "ratio6_ett": 0.27601541254187556,
  "ratio6_split": 0.27524863570026403,
  "delta_exx": -0.025125189842250317,
  "delta_ett": -0.05674159602726486,
  "delta_split": -0.04093339293475762,
  "fit4_exx_coeffs": {
    "kappa": 4.524289153589551,
    "q_src": -0.016557877908437463,
    "src": -9.956618731784268,
    "m_eff": 0.10207159637180825
  },
  "fit4_ett_coeffs": {
    "kappa": -6.688557559750324,
    "q_src": 0.016498239879740743,
    "src": 11.856414274712202,
    "m_eff": -0.05690231234746172
  },
  "fit6_exx_coeffs": {
    "kappa": 3.946368456846589,
    "q_src": -0.017106673925832545,
    "src": -7.546906746687252,
    "m_eff": 0.0874890404631192,
    "div_J_mis": 0.23782735994080723,
    "div_J_mem": -0.08855470334852346
  },
  "fit6_ett_coeffs": {
    "kappa": -5.377927699482393,
    "q_src": 0.017476135647400852,
    "src": 6.41285681833174,
    "m_eff": -0.022531478583833593,
    "div_J_mis": -0.5160056273630311,
    "div_J_mem": 0.20395426761056243
  },
  "qm_coupling_ett": {
    "e_mis_abs": 0.5160056273630311,
    "f_mem_abs": 0.20395426761056243,
    "a_geom_abs": 5.377927699482393,
    "max_qm_over_geom": 0.09594878477311901
  }
}