{
  "test_id": "QNG-CPU-058",
  "theory_doc": "DER-BRIDGE-040",
  "seeds": [
    20260325,
    42,
    137,
    1729,
    2718
  ],
  "per_seed": [
    {
      "seed": 20260325,
      "g_tt": -0.0003019933924553773,
      "base_mean_e_tt": 0.0,
      "base_mean_e_xx": 8.673617379884035e-19,
      "base_corr": -0.9748537808301088,
      "qm_mean_e_tt": 0.0,
      "qm_mean_e_xx": 4.336808689942018e-19,
      "qm_corr": -0.9675809325440254,
      "qm_frac_neg": 0.4375,
      "gr_mean_e_tt": 0.0,
      "gr_mean_e_xx": -4.336808689942018e-19,
      "gr_corr": -0.9679132123592759,
      "gr_frac_neg": 0.4375,
      "d_e_tt": 0.0,
      "d_e_xx": -8.673617379884035e-19,
      "d_frac_neg": 0.0,
      "d_frac_pos": 0.0,
      "d_corr": -0.0003322798152504136,
      "lorentzian_dir": false,
      "p1_pass": true,
      "p2_pass": true,
      "p3_pass": false,
      "p4_pass": false
    },
    {
      "seed": 42,
      "g_tt": 0.00032196357510487744,
      "base_mean_e_tt": 0.0,
      "base_mean_e_xx": -4.336808689942018e-19,
      "base_corr": -0.9978730612678576,
      "qm_mean_e_tt": 0.0,
      "qm_mean_e_xx": 8.673617379884035e-19,
      "qm_corr": -0.9976782532999421,
      "qm_frac_neg": 0.4375,
      "gr_mean_e_tt": 0.0,
      "gr_mean_e_xx": 0.0,
      "gr_corr": -0.9976587043712348,
      "gr_frac_neg": 0.4375,
      "d_e_tt": 0.0,
      "d_e_xx": -8.673617379884035e-19,
      "d_frac_neg": 0.0,
      "d_frac_pos": 0.0,
      "d_corr": 1.9548928707258106e-05,
      "lorentzian_dir": false,
      "p1_pass": true,
      "p2_pass": true,
      "p3_pass": false,
      "p4_pass": false
    },
    {
      "seed": 137,
      "g_tt": -0.0004282132160724594,
      "base_mean_e_tt": 0.0,
      "base_mean_e_xx": -2.168404344971009e-19,
      "base_corr": -0.9644724792498355,
      "qm_mean_e_tt": 0.0,
      "qm_mean_e_xx": 4.336808689942018e-19,
      "qm_corr": -0.9545764913906643,
      "qm_frac_neg": 0.375,
      "gr_mean_e_tt": 0.0,
      "gr_mean_e_xx": -2.168404344971009e-19,
      "gr_corr": -0.9551984735539468,
      "gr_frac_neg": 0.375,
      "d_e_tt": 0.0,
      "d_e_xx": -6.505213034913027e-19,
      "d_frac_neg": 0.0,
      "d_frac_pos": 0.0,
      "d_corr": -0.000621982163282575,
      "lorentzian_dir": false,
      "p1_pass": true,
      "p2_pass": true,
      "p3_pass": false,
      "p4_pass": false
    },
    {
      "seed": 1729,
      "g_tt": 0.008354319264572072,
      "base_mean_e_tt": 0.0,
      "base_mean_e_xx": -2.168404344971009e-19,
      "base_corr": -0.8488362235750998,
      "qm_mean_e_tt": 0.0,
      "qm_mean_e_xx": -2.168404344971009e-19,
      "qm_corr": -0.8534391315675214,
      "qm_frac_neg": 0.5,
      "gr_mean_e_tt": 0.0,
      "gr_mean_e_xx": 2.168404344971009e-19,
      "gr_corr": -0.8234860376366362,
      "gr_frac_neg": 0.5,
      "d_e_tt": 0.0,
      "d_e_xx": 4.336808689942018e-19,
      "d_frac_neg": 0.0,
      "d_frac_pos": 0.0,
      "d_corr": 0.02995309393088519,
      "lorentzian_dir": false,
      "p1_pass": true,
      "p2_pass": false,
      "p3_pass": false,
      "p4_pass": false
    },
    {
      "seed": 2718,
      "g_tt": 0.002335213854461371,
      "base_mean_e_tt": 0.0,
      "base_mean_e_xx": -2.168404344971009e-19,
      "base_corr": -0.9988452347614508,
      "qm_mean_e_tt": 0.0,
      "qm_mean_e_xx": -2.168404344971009e-19,
      "qm_corr": -0.9985136458029755,
      "qm_frac_neg": 0.5625,
      "gr_mean_e_tt": 0.0,
      "gr_mean_e_xx": -8.673617379884035e-19,
      "gr_corr": -0.9983508528919444,
      "gr_frac_neg": 0.5625,
      "d_e_tt": 0.0,
      "d_e_xx": -6.505213034913027e-19,
      "d_frac_neg": 0.0,
      "d_frac_pos": 0.0,
      "d_corr": 0.0001627929110311621,
      "lorentzian_dir": false,
      "p1_pass": true,
      "p2_pass": true,
      "p3_pass": false,
      "p4_pass": false
    }
  ],
  "summary": {
    "n_p1": 5,
    "p1_pass": true,
    "n_p2": 4,
    "p2_pass": true,
    "n_p3": 0,
    "p3_pass": false,
    "n_p4": 0,
    "p4_pass": false,
    "overall": "2/4",
    "lorentzian_direction_seeds": 0
  },
  "key_values": {
    "mean_d_e_tt": 0.0,
    "mean_d_e_xx": -5.204170427930421e-19,
    "mean_d_corr": 0.005836234758418124,
    "mean_d_frac_neg": 0.0,
    "mean_g_tt": 0.0020562580171220963,
    "baseline_e_tt": 0.0,
    "baseline_e_xx": -4.336808689942018e-20
  }
}