{
  "test": "QNG-CPU-052",
  "theory": "DER-BRIDGE-034",
  "decision": "pass",
  "n_pass": 4,
  "p1_pass": true,
  "p2_pass": true,
  "p3_pass": true,
  "p4_pass": true,
  "p4_count": 4,
  "saturation_class": "SATURATION",
  "mean_e_mis_abs_n64": 0.1341593805953424,
  "power_law_fit": {
    "exponent": -0.9557849780095361,
    "prefactor": 5.424930508237579
  },
  "extrapolations": {
    "N128": 0.05252360721052432,
    "N256": 0.027079123134285465,
    "trend": "vanishing"
  },
  "n_scaling": {
    "8": {
      "n_improves": 5,
      "mean_delta": -0.14714027114273992,
      "mean_e_mis": -0.9469387109099359,
      "mean_e_mis_abs": 1.0369982182221673
    },
    "16": {
      "n_improves": 5,
      "mean_delta": -0.04326315610961712,
      "mean_e_mis": -0.17533121819719005,
      "mean_e_mis_abs": 0.2594021621908086
    },
    "32": {
      "n_improves": 5,
      "mean_delta": -0.01798875899523582,
      "mean_e_mis": -0.15894431936279832,
      "mean_e_mis_abs": 0.15894431936279832
    },
    "64": {
      "n_improves": 5,
      "mean_delta": -0.02975143316932427,
      "mean_e_mis": -0.1341593805953424,
      "mean_e_mis_abs": 0.1341593805953424
    }
  },
  "all_results": {
    "8": [
      {
        "seed": 20260325,
        "n_nodes": 8,
        "ratio4_split": 0.4234297740249139,
        "ratio6_split": 0.09707414936403291,
        "delta_split": -0.32635562466088097,
        "improves": true,
        "e_mis_ett": -0.8097866726401645,
        "f_mem_ett": 0.2730150374521582,
        "e_mis_abs": 0.8097866726401645,
        "sign_e_mis": -1,
        "fit6_ett_coeffs": {
          "kappa": -4.819404549873532,
          "q_src": 0.050177158053408194,
          "src": -13.14902516492355,
          "m_eff": -0.009074103355047186,
          "div_J_mis": -0.8097866726401645,
          "div_J_mem": 0.2730150374521582
        }
      },
      {
        "seed": 42,
        "n_nodes": 8,
        "ratio4_split": 0.2622321669386586,
        "ratio6_split": 0.08584152660094058,
        "delta_split": -0.176390640337718,
        "improves": true,
        "e_mis_ett": -3.3322165746655363,
        "f_mem_ett": 2.2179198314088375,
        "e_mis_abs": 3.3322165746655363,
        "sign_e_mis": -1,
        "fit6_ett_coeffs": {
          "kappa": -0.05220059008040412,
          "q_src": 0.31638918842528885,
          "src": -103.32372262553287,
          "m_eff": -0.2540537767384207,
          "div_J_mis": -3.3322165746655363,
          "div_J_mem": 2.2179198314088375
        }
      },
      {
        "seed": 137,
        "n_nodes": 8,
        "ratio4_split": 0.35590812457745397,
        "ratio6_split": 0.2717202611552879,
        "delta_split": -0.08418786342216605,
        "improves": true,
        "e_mis_ett": -0.1253389028172469,
        "f_mem_ett": 0.12562722980649202,
        "e_mis_abs": 0.1253389028172469,
        "sign_e_mis": -1,
        "fit6_ett_coeffs": {
          "kappa": -6.51634996621798,
          "q_src": 0.05490261677200703,
          "src": -10.821348089194714,
          "m_eff": -0.15498529576369657,
          "div_J_mis": -0.1253389028172469,
          "div_J_mem": 0.12562722980649202
        }
      },
      {
        "seed": 1729,
        "n_nodes": 8,
        "ratio4_split": 0.3714168771509073,
        "ratio6_split": 0.2904911648371895,
        "delta_split": -0.08092571231371781,
        "improves": true,
        "e_mis_ett": -0.69250017270731,
        "f_mem_ett": 0.14237800111272772,
        "e_mis_abs": 0.69250017270731,
        "sign_e_mis": -1,
        "fit6_ett_coeffs": {
          "kappa": -4.710006923443965,
          "q_src": 0.01881933319058012,
          "src": 1.0980749524711655,
          "m_eff": -0.02065589776456276,
          "div_J_mis": -0.69250017270731,
          "div_J_mem": 0.14237800111272772
        }
      },
      {
        "seed": 2718,
        "n_nodes": 8,
        "ratio4_split": 0.2418767809318863,
        "ratio6_split": 0.17403526595266944,
        "delta_split": -0.06784151497921687,
        "improves": true,
        "e_mis_ett": 0.22514876828057823,
        "f_mem_ett": -0.04489202858888836,
        "e_mis_abs": 0.22514876828057823,
        "sign_e_mis": 1,
        "fit6_ett_coeffs": {
          "kappa": -7.028559884922138,
          "q_src": 0.01647358886211467,
          "src": 0.585622596065642,
          "m_eff": 0.01446628832203041,
          "div_J_mis": 0.22514876828057823,
          "div_J_mem": -0.04489202858888836
        }
      }
    ],
    "16": [
      {
        "seed": 20260325,
        "n_nodes": 16,
        "ratio4_split": 0.31618202863502165,
        "ratio6_split": 0.27524863570026403,
        "delta_split": -0.04093339293475762,
        "improves": true,
        "e_mis_ett": -0.5160056273630311,
        "f_mem_ett": 0.20395426761056243,
        "e_mis_abs": 0.5160056273630311,
        "sign_e_mis": -1,
        "fit6_ett_coeffs": {
          "kappa": -5.377927699482393,
          "q_src": 0.017476135647400852,
          "src": 6.41285681833174,
          "m_eff": -0.022531478583833593,
          "div_J_mis": -0.5160056273630311,
          "div_J_mem": 0.20395426761056243
        }
      },
      {
        "seed": 42,
        "n_nodes": 16,
        "ratio4_split": 0.3276145473227566,
        "ratio6_split": 0.23576204420696734,
        "delta_split": -0.09185250311578924,
        "improves": true,
        "e_mis_ett": -0.05522956381221933,
        "f_mem_ett": 0.18338439800745698,
        "e_mis_abs": 0.05522956381221933,
        "sign_e_mis": -1,
        "fit6_ett_coeffs": {
          "kappa": -5.165256960863295,
          "q_src": -0.08143800470061324,
          "src": 54.88341489888154,
          "m_eff": 0.06160641159490393,
          "div_J_mis": -0.05522956381221933,
          "div_J_mem": 0.18338439800745698
        }
      },
      {
        "seed": 137,
        "n_nodes": 16,
        "ratio4_split": 0.38440942045859205,
        "ratio6_split": 0.34136868170013984,
        "delta_split": -0.04304073875845221,
        "improves": true,
        "e_mis_ett": -0.35401227517746237,
        "f_mem_ett": 0.1678870140723624,
        "e_mis_abs": 0.35401227517746237,
        "sign_e_mis": -1,
        "fit6_ett_coeffs": {
          "kappa": -5.831475683109171,
          "q_src": -0.006251140681356876,
          "src": 8.02756199187532,
          "m_eff": 0.019755126654600275,
          "div_J_mis": -0.35401227517746237,
          "div_J_mem": 0.1678870140723624
        }
      },
      {
        "seed": 1729,
        "n_nodes": 16,
        "ratio4_split": 0.3922243811143663,
        "ratio6_split": 0.36260222471466264,
        "delta_split": -0.02962215639970367,
        "improves": true,
        "e_mis_ett": -0.16158598461728377,
        "f_mem_ett": 0.020678841350442248,
        "e_mis_abs": 0.16158598461728377,
        "sign_e_mis": -1,
        "fit6_ett_coeffs": {
          "kappa": -6.81647856791769,
          "q_src": 0.0063882706536886255,
          "src": 3.005088432379199,
          "m_eff": -0.00561392041008683,
          "div_J_mis": -0.16158598461728377,
          "div_J_mem": 0.020678841350442248
        }
      },
      {
        "seed": 2718,
        "n_nodes": 16,
        "ratio4_split": 0.369795408569814,
        "ratio6_split": 0.3589284192304312,
        "delta_split": -0.010866989339382849,
        "improves": true,
        "e_mis_ett": 0.21017735998404646,
        "f_mem_ett": -0.14673331312466084,
        "e_mis_abs": 0.21017735998404646,
        "sign_e_mis": 1,
        "fit6_ett_coeffs": {
          "kappa": -6.2862194487219405,
          "q_src": -0.027648764822233787,
          "src": 34.47520160223611,
          "m_eff": 0.12613132309450156,
          "div_J_mis": 0.21017735998404646,
          "div_J_mem": -0.14673331312466084
        }
      }
    ],
    "32": [
      {
        "seed": 20260325,
        "n_nodes": 32,
        "ratio4_split": 0.3963080796570907,
        "ratio6_split": 0.3930957328440826,
        "delta_split": -0.0032123468130080823,