{
  "test": "QNG-CPU-046",
  "theory": "DER-BRIDGE-028",
  "decision": "pass",
  "n_pass": 4,
  "p1_pass": true,
  "p2_pass": true,
  "p3_pass": true,
  "p4_pass": true,
  "n_beats_best": 5,
  "n_above30": 3,
  "mean_r2_combined": 0.4053357679971381,
  "mean_r2_best_single": 0.25619799014711386,
  "max_r2_combined": 0.6018868016363199,
  "seeds": [
    {
      "seed": 20260325,
      "r2_combined": 0.1477236064313897,
      "r2_phi": 0.04561656793834579,
      "r2_mis": 0.01299254714847664,
      "r2_mem": 0.04011296367084305,
      "best_single": 0.04561656793834579,
      "r2_phi_ref": 0.045617,
      "r2_mis_ref": 0.012993,
      "r2_mem_ref": 0.040113,
      "alpha_phi": 0.0004786057762525352,
      "alpha_mis": 0.01829894853417854,
      "alpha_mem": -0.007193808059511256,
      "alpha_phi_single": 0.0006954387001803454,
      "alpha_mis_single": 0.005819489683569307,
      "alpha_mem_single": -0.0038232740907962344,
      "gain": 0.10210703849304392,
      "beats_best_single": true,
      "corr_phi_mis": -0.10707434984039364,
      "corr_phi_mem": -0.2785478828574198,
      "corr_mis_mem": 0.6068590015989422
    },
    {
      "seed": 42,
      "r2_combined": 0.5351531176251418,
      "r2_phi": 0.13835624725037787,
      "r2_mis": 0.35383184798277767,
      "r2_mem": 0.04882228510539566,
      "best_single": 0.35383184798277767,
      "r2_phi_ref": 0.138356,
      "r2_mis_ref": 0.353832,
      "r2_mem_ref": 0.048822,
      "alpha_phi": 0.0006266515841126385,
      "alpha_mis": 0.00900271261382628,
      "alpha_mem": -0.0011256656378751805,
      "alpha_phi_single": 0.0006893949491314418,
      "alpha_mis_single": 0.008532794738879051,
      "alpha_mem_single": -0.001523597969149266,
      "gain": 0.18132126964236417,
      "beats_best_single": true,
      "corr_phi_mis": -0.043672440767408144,
      "corr_phi_mem": -0.37526827303077365,
      "corr_mis_mem": 0.11021763549552933
    },
    {
      "seed": 137,
      "r2_combined": 0.6018868016363199,
      "r2_phi": 0.572227477396306,
      "r2_mis": 0.001800186842981888,
      "r2_mem": 0.044894761256065285,
      "best_single": 0.572227477396306,
      "r2_phi_ref": 0.572227,
      "r2_mis_ref": 0.0018,
      "r2_mem_ref": 0.044895,
      "alpha_phi": 0.0018535488315745625,
      "alpha_mis": 0.009644567779790714,
      "alpha_mem": -0.006041249255121948,
      "alpha_phi_single": 0.0019882220430597433,
      "alpha_mis_single": 0.0019881538436409833,
      "alpha_mem_single": -0.004544068245981996,
      "gain": 0.02965932424001394,
      "beats_best_single": true,
      "corr_phi_mis": 0.07637083983309925,
      "corr_phi_mem": -0.12609440846158165,
      "corr_mis_mem": 0.7712280649041148
    },
    {
      "seed": 1729,
      "r2_combined": 0.2391878041297547,
      "r2_phi": 0.03470401380220045,
      "r2_mis": 0.02146873041471331,
      "r2_mem": 0.10106560612774051,
      "best_single": 0.10106560612774051,
      "r2_phi_ref": 0.034704,
      "r2_mis_ref": 0.021469,
      "r2_mem_ref": 0.101066,
      "alpha_phi": 0.00012464426978929524,
      "alpha_mis": -0.010838957026460323,
      "alpha_mem": 0.005666528097557855,
      "alpha_phi_single": 0.00014264338495033406,
      "alpha_mis_single": 0.0020089455547877334,
      "alpha_mem_single": 0.0017637867484180017,
      "gain": 0.1381221980020142,
      "beats_best_single": true,
      "corr_phi_mis": 0.07188748993918022,
      "corr_phi_mem": 0.0786573591490118,
      "corr_mis_mem": 0.9060181969591694
    },
    {
      "seed": 2718,
      "r2_combined": 0.5027275101630844,
      "r2_phi": 0.20711172906896114,
      "r2_mis": 0.20824845129039937,
      "r2_mem": 0.03848864287884812,
      "best_single": 0.20824845129039937,
      "r2_phi_ref": 0.207112,
      "r2_mis_ref": 0.208248,
      "r2_mem_ref": 0.038489,
      "alpha_phi": -0.001535840571069345,
      "alpha_mis": 0.023586788365690625,
      "alpha_mem": -0.008800079181623986,
      "alpha_phi_single": -0.001963084810826785,
      "alpha_mis_single": 0.01821359460038461,
      "alpha_mem_single": -0.004769957385037188,
      "gain": 0.294479058872685,
      "beats_best_single": true,
      "corr_phi_mis": -0.03730758593892126,
      "corr_phi_mem": 0.21273877437517166,
      "corr_mis_mem": 0.40865427647354696
    }
  ]
}