{
  "test": "QNG-CPU-053",
  "theory": "DER-BRIDGE-035",
  "decision": "pass",
  "tier": "Tier-1 (loop closes)",
  "n_pass": 4,
  "p1_pass": true,
  "p2_pass": true,
  "p3_pass": true,
  "p4_pass": true,
  "n_ett_improves": 5,
  "n_sign_consistent": 5,
  "n_ett_beats_exx": 3,
  "majority_sign_gamma_tt": 1,
  "mean_delta_r2_ett": 0.03903701201703456,
  "mean_delta_r2_5ch": 0.05535176039901128,
  "seeds": [
    {
      "seed": 20260325,
      "r2_3ch": 0.1477236064313896,
      "r2_4ch_ett": 0.14778376231133283,
      "r2_4ch_exx": 0.14851509435884258,
      "r2_5ch": 0.15124180549534694,
      "delta_r2_ett": 6.015587994323557e-05,
      "delta_r2_5ch": 0.003518199063957339,
      "gamma_tt": 0.0004042636688166558,
      "gamma_xx": -0.002100488132532197,
      "sign_gamma_tt": 1,
      "ett_beats_exx": false,
      "ett_improves": true,
      "coeffs_3ch": [
        -0.00047860577625253534,
        -0.018298948534178534,
        0.007193808059511253
      ],
      "coeffs_4ch_ett": [
        -0.00048115655347086706,
        -0.017760856077054948,
        0.006947218978100392,
        0.0004042636688166558
      ],
      "coeffs_5ch": [
        -0.0005309984198366416,
        -0.017351797968060724,
        0.006380092451052192,
        -0.007664247144004178,
        -0.012363389585009307
      ]
    },
    {
      "seed": 42,
      "r2_3ch": 0.535153117625142,
      "r2_4ch_ett": 0.5706544799031608,
      "r2_4ch_exx": 0.5786485069126086,
      "r2_5ch": 0.6134459334581697,
      "delta_r2_ett": 0.03550136227801881,
      "delta_r2_5ch": 0.07829281583302772,
      "gamma_tt": 0.003508499549631082,
      "gamma_xx": -0.005463353065471816,
      "sign_gamma_tt": 1,
      "ett_beats_exx": false,
      "ett_improves": true,
      "coeffs_3ch": [
        -0.0006266515841126385,
        -0.009002712613826278,
        0.0011256656378751803
      ],
      "coeffs_4ch_ett": [
        -0.0008265211237180595,
        -0.006905498326804446,
        -0.000591189896381347,
        0.003508499549631082
      ],
      "coeffs_5ch": [
        -0.0006940464867520528,
        -0.007771581378999467,
        0.00016713190985001526,
        -0.034018177373679674,
        -0.05307069044228497
      ]
    },
    {
      "seed": 137,
      "r2_3ch": 0.6018868016363197,
      "r2_4ch_ett": 0.6249773860777106,
      "r2_4ch_exx": 0.618031883383039,
      "r2_5ch": 0.6284261551845596,
      "delta_r2_ett": 0.023090584441390893,
      "delta_r2_5ch": 0.026539353548239886,
      "gamma_tt": 0.007986007762300351,
      "gamma_xx": -0.010956889020212851,
      "sign_gamma_tt": 1,
      "ett_beats_exx": true,
      "ett_improves": true,
      "coeffs_3ch": [
        -0.0018535488315745625,
        -0.009644567779790704,
        0.0060412492551219455
      ],
      "coeffs_4ch_ett": [
        -0.0019535098623550745,
        -0.001188470937738377,
        0.0019711302548918157,
        0.007986007762300351
      ],
      "coeffs_5ch": [
        -0.0019124464710129215,
        -0.00391188906632498,
        0.003769175379318879,
        0.017707927223164336,
        0.016736229670856778
      ]
    },
    {
      "seed": 1729,
      "r2_3ch": 0.23918780412975504,
      "r2_4ch_ett": 0.3630118861866033,
      "r2_4ch_exx": 0.2684277231754153,
      "r2_5ch": 0.39418006135516603,
      "delta_r2_ett": 0.12382408205684825,
      "delta_r2_5ch": 0.154992257225411,
      "gamma_tt": 0.008005610816204281,
      "gamma_xx": -0.004655596822303073,
      "sign_gamma_tt": 1,
      "ett_beats_exx": true,
      "ett_improves": true,
      "coeffs_3ch": [
        -0.00012464426978929521,
        0.010838957026460313,
        -0.005666528097557851
      ],
      "coeffs_4ch_ett": [
        -8.767082635491096e-05,
        0.013524634875745985,
        -0.005547218634174006,
        0.008005610816204281
      ],
      "coeffs_5ch": [
        -0.00010387326949913136,
        0.01254251925073017,
        -0.005288858174379467,
        0.013218676063327498,
        0.007875551551158655
      ]
    },
    {
      "seed": 2718,
      "r2_3ch": 0.5027275101630846,
      "r2_4ch_ett": 0.5154363855920562,
      "r2_4ch_exx": 0.515050119526372,
      "r2_5ch": 0.5161436864875051,
      "delta_r2_ett": 0.012708875428971589,
      "delta_r2_5ch": 0.013416176324420492,
      "gamma_tt": 0.0028691586253433467,
      "gamma_xx": -0.004411773111451363,
      "sign_gamma_tt": 1,
      "ett_beats_exx": true,
      "ett_improves": true,
      "coeffs_3ch": [
        0.001535840571069345,
        -0.023586788365690625,
        0.008800079181623986
      ],
      "coeffs_4ch_ett": [
        0.0015659653630017885,
        -0.019645267906751526,
        0.007606164939042201,
        0.0028691586253433467
      ],
      "coeffs_5ch": [
        0.001578860528217993,
        -0.019374617074757787,
        0.0076951268592053675,
        0.01455560229667609,
        0.018279757292809135
      ]
    }
  ]
}